1,Marshall,Cleminson,mcleminson0@hp.com,640248,INFORMATICA,3
2,Cristie,Georgievski,cgeorgievski1@sina.com.cn,691335,CARPINTERIA,5
3,Joshua,Reddle,jreddle2@oracle.com,624858,FONTANERIA,1
4,Carolyn,Boeter,cboeter3@adobe.com,644852,FONTANERIA,5
5,Savina,Claybourne,sclaybourne4@cdc.gov,680449,FONTANERIA,1
6,Simeon,Chasteau,schasteau5@nps.gov,672325,CARPINTERIA,5
7,Ripley,Sheilds,rsheilds6@digg.com,614596,INFORMATICA,4
8,Ingar,Strowlger,istrowlger7@drupal.org,612216,INFORMATICA,1
9,Sven,Danilyuk,sdanilyuk8@theguardian.com,634052,FONTANERIA,5
10,Georgianna,Conaghy,gconaghy9@sogou.com,665387,ALBANILERIA,4
11,Kaia,Ivanchin,kivanchina@ox.ac.uk,691368,INFORMATICA,2
12,Virgie,Sharrier,vsharrierb@patch.com,649618,FONTANERIA,2
13,Leonanie,Turneux,lturneuxc@rakuten.co.jp,697179,INFORMATICA,3
14,Arabelle,Emmens,aemmensd@shop-pro.jp,628271,PINTURA,5
15,Amber,Maccrea,amaccreae@senate.gov,680083,INFORMATICA,1
16,Antonio,Callander,acallanderf@sphinn.com,609674,PINTURA,2
17,Willy,Schuchmacher,wschuchmacherg@dot.gov,685575,FONTANERIA,5
18,Ly,Heynen,lheynenh@ucoz.com,658926,PINTURA,1
19,Tris,Pidgley,tpidgleyi@washington.edu,634146,INFORMATICA,1
20,Bernete,Andersen,bandersenj@4shared.com,625618,CARPINTERIA,2
21,Constantino,Berthel,cberthelk@slate.com,616735,FONTANERIA,4
22,Jorie,Thake,jthakel@163.com,642598,FONTANERIA,4
23,Sile,Alvaro,salvarom@tinyurl.com,638385,PINTURA,1
24,Norry,Audas,naudasn@upenn.edu,655319,FONTANERIA,1
25,Lauritz,Ring,lringo@xing.com,687279,PINTURA,1
26,Corine,Dubber,cdubberp@wisc.edu,623135,PINTURA,2
27,Cristine,Anneslie,canneslieq@zimbio.com,684454,INFORMATICA,1
28,Gustav,Annetts,gannettsr@army.mil,631775,PINTURA,4
29,Ryun,Stockings,rstockingss@github.com,613457,INFORMATICA,2
30,Sullivan,Ould,souldt@chronoengine.com,648127,CARPINTERIA,1
